PDB_ID,Ligand_Num,Score_Drugg,hydrophobic_kyte,p_hydrophobic_residues,p_polar_residues,p_aromatic_residues,p_aliphatic_residues,p_Otyr_atom,p_NE2_atom,p_Nlys_atom,p_Ntrp_atom,p_Ooh_atom,p_ND1_atom,SURFACE_HULL,DIAMETER_HULL,VOLUME_HULL,SMALLEST_SIZE,RADIUS_CYLINDER,C_RESIDUES,NumAtoms_atm,Radius_of_gyration_atm,Shape
PDB1,1,0.66,-0.48,0.62,0.59,0.16,0.19,0.02,0,0,0.01,0.03,0,952.33,23.83,2394.07,13.78,11.91,32,127,8.15,rod-like
PDB2,2,0.91,0.22,0.83,0.56,0.17,0.39,0,0,0.02,0,0,0,703.21,20.61,1447.02,12.09,10.65,18,90,7.03,sphere-like
PDB3,3,0.94,-0.17,0.82,0.45,0.36,0.14,0.01,0.02,0.01,0,0.01,0.02,785.31,22.69,1725.5,10.8,11.34,22,121,7.72,strongly anisotropic
PDB4,4,0.65,-0.79,0.5,0.57,0.29,0.14,0.03,0,0,0.01,0.01,0,691.23,22.66,1212.94,8.44,11.27,14,78,8,strongly anisotropic
PDB5,5,0.83,0.01,0.76,0.52,0.12,0.28,0.01,0,0.02,0,0.02,0,978.18,20.93,2478.45,15.13,10.36,25,124,8.43,sphere-like
PDB6,6,0.92,0.03,0.78,0.52,0.13,0.26,0,0.02,0.02,0,0.02,0.02,1441.99,35.5,3361.33,9.95,17.73,23,88,11.52,strongly anisotropic
PDB7,7,1,1.38,0.9,0.33,0.27,0.3,0.01,0.01,0,0,0.03,0.01,1040.39,23.38,2794.88,14.11,11.36,30,140,8.57,rod-like
PDB8,8,0.81,-0.02,0.65,0.58,0.12,0.12,0,0.01,0,0.02,0.02,0.01,877.25,22.45,1984.52,11.34,11.07,26,111,7.77,disk-like
PDB9,9,0.77,-0.02,0.72,0.44,0.08,0.24,0.01,0,0.02,0,0.02,0,900.58,20.24,2283.31,14.02,10.02,25,116,8.1,disk-like
PDB10,10,0.03,-2.62,0.42,0.92,0.33,0,0.03,0.02,0,0,0,0.02,489.84,17.48,803.15,9.09,8.55,12,64,6.09,disk-like
PDB11,11,0.94,0.28,0.8,0.3,0.2,0.2,0.02,0,0,0,0.01,0,806.86,23.06,1709.96,11.7,11.45,20,95,8.12,rod-like
PDB12,12,0.96,0.34,0.57,0.43,0.24,0.24,0.01,0,0.01,0,0.02,0,781.82,19.63,1810.84,12.95,9.77,21,101,7.58,sphere-like
PDB13,13,0.46,-0.45,0.61,0.48,0.04,0.17,0.01,0,0.01,0,0.01,0,736.08,20.24,1633.49,10.91,10.02,23,92,7.52,rod-like
PDB14,14,0.68,-0.65,0.65,0.62,0.23,0.15,0.01,0.03,0,0,0.01,0.02,902.97,23.37,2105.79,12.1,11.56,26,115,8.08,disk-like
PDB15,15,0.94,0.33,0.69,0.35,0.19,0.19,0,0.01,0,0,0.01,0,734.67,19.33,1651.74,11.85,9.5,26,113,7.19,sphere-like
PDB16,16,0.85,0.22,0.7,0.4,0.07,0.27,0,0,0.01,0,0,0,902.85,22.83,2235.31,13.69,11.05,30,121,8.04,rod-like
PDB17,17,0.68,-0.07,0.63,0.53,0.05,0.26,0.01,0,0.01,0,0.01,0,661.1,18.71,1369.36,10.59,9.25,19,76,6.98,rod-like
PDB18,18,0.5,-0.5,0.6,0.56,0.08,0.2,0,0,0.01,0,0.01,0,810.72,19.96,1881.46,11.84,10.34,25,102,7.65,disk-like
PDB19,19,0.99,1.37,0.82,0.32,0.14,0.45,0.01,0.01,0.01,0,0.01,0.01,804.57,20.22,1858.91,11.95,10.48,22,105,7.57,sphere-like
PDB20,20,0.64,-0.15,0.74,0.35,0.04,0.26,0,0,0.01,0,0,0,754.98,20.4,1705.28,12.4,9.63,23,95,7.45,sphere-like
PDB21,21,0.94,-0.14,0.63,0.59,0.33,0.15,0.02,0,0.01,0.01,0.02,0,1030.56,25.7,2543.01,12.48,12.68,27,113,9.15,strongly anisotropic
PDB22,22,0.99,1.09,0.78,0.33,0.15,0.37,0,0,0,0,0.01,0,914.4,21.42,2340.49,13.9,10.66,27,146,8.08,rod-like
PDB23,23,0.79,-0.14,0.68,0.47,0.16,0.26,0,0,0.02,0,0,0,716.89,20.63,1543.26,10.47,10.33,19,91,7.42,rod-like
PDB24,24,0.68,-0.11,0.69,0.5,0.06,0.25,0.01,0,0.01,0,0.03,0,689.72,20.82,1397.29,11.14,10.22,16,74,6.99,sphere-like
PDB25,25,1,2.22,0.94,0.12,0.12,0.44,0,0,0,0,0,0,662.45,21.35,1071.24,7.39,10.53,16,75,7.6,strongly anisotropic
PDB26,26,0.41,-0.36,0.62,0.57,0,0.24,0,0,0.01,0,0.01,0,745.8,19.18,1679.45,13.53,9.47,21,83,7.78,sphere-like
PDB27,27,0.89,0.3,0.68,0.43,0.11,0.29,0,0,0.01,0,0.01,0,759.57,19.54,1735.43,11.06,9.78,28,120,7.52,disk-like
PDB28,28,0.88,-0.19,0.71,0.41,0.24,0.12,0.03,0.01,0,0,0,0.01,948.32,24.98,1795.58,8.24,12.55,17,86,9.3,strongly anisotropic
PDB29,29,0.59,-0.24,0.7,0.43,0.04,0.26,0,0,0.01,0,0.01,0,730.07,20.14,1637.47,13.17,10.06,23,101,7.47,sphere-like
PDB30,30,0.56,-0.58,0.66,0.72,0.14,0.07,0.01,0.01,0.01,0,0.04,0.01,902.53,22.48,2074.08,11.25,11.1,29,117,7.55,disk-like
PDB31,31,1,1.62,0.91,0.37,0.28,0.39,0,0,0,0,0.02,0,1703.54,33.83,5458.35,15.06,16.85,46,211,11.18,strongly anisotropic
PDB32,32,0.92,0.34,0.7,0.4,0.15,0.25,0,0,0,0,0.01,0,661.41,18.27,1409.18,11.5,8.86,20,93,7.18,rod-like
PDB33,33,0.36,-0.74,0.63,0.48,0.07,0.22,0.01,0,0.01,0,0.01,0,903.52,22.4,2219.58,13.2,11.17,27,127,8.23,rod-like
PDB34,34,0.54,-0.67,0.56,0.75,0.19,0,0.02,0.02,0,0.02,0.06,0.02,555.29,16.03,1053.62,10.92,7.76,16,66,6.26,sphere-like
PDB35,35,0.82,-0.26,0.61,0.56,0.22,0.22,0.01,0,0.01,0,0,0,750.81,20.04,1649.8,11.56,9.99,18,82,7.67,disk-like
PDB36,36,0.86,-0.09,0.69,0.54,0.19,0.19,0.01,0.01,0.01,0,0.02,0.01,955.79,25.38,2346.8,12.72,12.43,26,121,8.88,rod-like
PDB37,37,0.27,-1.27,0.62,0.75,0.25,0.12,0,0,0.02,0.05,0,0,390.38,17.44,438.49,4.89,8.99,8,43,6.02,strongly anisotropic
PDB38,38,1,1.14,0.81,0.45,0.29,0.39,0.01,0.01,0,0.01,0.02,0.01,1036.48,24.6,2749.53,13.89,12.29,31,138,8.66,rod-like
PDB39,39,0.88,0.32,0.71,0.38,0.08,0.33,0.01,0,0,0,0.01,0,712.91,17.8,1580.72,11.88,8.95,24,94,7.25,sphere-like
PDB40,40,0.56,-0.45,0.58,0.58,0.11,0.26,0,0.01,0.01,0,0.01,0.01,722.1,20.28,1564.48,12.41,9.5,19,93,7.41,disk-like
PDB41,41,0.19,-1.22,0.47,0.65,0.12,0.12,0,0.01,0,0.01,0.01,0.01,614.62,23.72,1053.9,8.71,11.68,17,76,7.83,strongly anisotropic
PDB42,42,0.8,0.15,0.69,0.54,0.08,0.38,0,0.02,0.02,0,0.02,0,490.09,15.79,900.76,10.13,7.92,13,64,6.14,sphere-like
PDB43,43,0.99,0.67,0.81,0.44,0.44,0.31,0.03,0.02,0,0.02,0,0.02,531.42,16.58,1037.82,10.65,7.8,16,66,6.28,sphere-like
PDB44,44,0.97,0.59,0.78,0.48,0.19,0.3,0.01,0,0.01,0.01,0.02,0,983.89,22.13,2482.49,12.22,11.72,27,137,8.2,disk-like
PDB45,45,0.69,-0.07,0.6,0.5,0.05,0.25,0.01,0,0,0,0.02,0,699.56,19.89,1458.42,11.44,9.34,20,92,7.35,rod-like
PDB46,46,0.86,0.45,0.68,0.36,0,0.27,0,0,0.01,0,0.01,0,799.87,21.84,1801.74,12,11.18,22,97,7.79,disk-like
PDB47,47,0.49,-0.45,0.76,0.44,0.06,0.09,0,0.01,0.01,0,0.04,0.01,790.02,18.43,1898.25,12.08,9.68,34,137,7.44,sphere-like
PDB48,48,0.45,-1.17,0.55,0.77,0.27,0.09,0.02,0,0,0.03,0.04,0,853.86,23.7,1829.49,9.48,11.82,22,114,8.32,strongly anisotropic
PDB49,49,0.92,0.02,0.8,0.5,0.25,0.35,0,0.04,0,0,0.01,0.04,774.58,20.68,1729.15,11.21,10.44,20,101,7.66,strongly anisotropic
PDB50,50,0.34,-0.97,0.7,0.8,0.2,0.1,0.02,0,0,0.02,0.04,0,353.6,15.49,458.63,6.47,7.7,10,49,5.62,disk-like
PDB51,51,0.91,0.03,0.79,0.57,0.21,0.29,0.01,0.01,0,0.01,0.01,0.01,742.29,23.95,1332.2,8.55,12.02,14,70,8,strongly anisotropic
PDB52,52,0.96,1.06,0.77,0.2,0,0.4,0,0,0,0,0.02,0,954.86,22.58,2431.34,13.2,11.02,30,114,8.32,sphere-like
PDB53,53,0.1,-1.07,0.33,0.56,0,0.11,0,0,0,0,0.02,0,339.28,15.77,415.97,5.24,7.69,9,43,5.95,strongly anisotropic
PDB54,54,0.93,0.6,0.74,0.43,0.09,0.35,0.02,0,0,0,0,0,655.86,19.6,1355.25,10.24,9.8,23,82,6.95,sphere-like
PDB55,55,0.26,-1.1,0.61,0.78,0.13,0.09,0,0.02,0.03,0,0.02,0.02,927.84,23.24,2139.79,10.64,11.57,23,119,8.37,strongly anisotropic
PDB56,56,0.73,-0.12,0.64,0.52,0.08,0.24,0.01,0,0.01,0,0.02,0,924.76,26.08,2136.86,12.15,13.05,25,113,8.67,rod-like
PDB57,57,0.48,-1.04,0.55,0.69,0.24,0.14,0,0.01,0.01,0,0.03,0.01,1079.35,24.49,2814.41,13.35,12.28,29,148,8.66,disk-like
PDB58,58,0.99,1.26,0.79,0.33,0.12,0.46,0.01,0.01,0.01,0,0.01,0.01,899.49,20.48,2210.53,12.77,10.48,24,109,7.88,disk-like
PDB59,59,0.22,-1.08,0.57,0.79,0.14,0.14,0.02,0,0.04,0,0.02,0,482.77,17.46,789.97,8.93,8.54,14,56,6.03,sphere-like
PDB60,60,0.14,-1.44,0.56,0.69,0.19,0,0,0,0,0.01,0,0,530.92,17.47,989.18,9.05,8.57,16,69,6.51,disk-like
PDB61,61,0.75,-0.61,0.62,0.54,0.22,0.11,0.02,0.01,0.01,0.01,0.01,0.01,1345.69,29.55,3873.95,14.41,14.45,37,181,9.84,strongly anisotropic
PDB62,62,0.96,0.39,0.69,0.44,0.15,0.28,0,0,0,0,0.02,0,1818.24,32.32,5974.86,15.27,16.63,54,272,11.32,strongly anisotropic
PDB63,63,0.63,-0.55,0.59,0.55,0.17,0.14,0,0.01,0,0.02,0.02,0,881.87,21.63,2193,12.8,10.68,29,95,7.83,sphere-like
PDB64,64,1,2.21,0.95,0.16,0.21,0.47,0,0.01,0,0,0.01,0.01,783.13,20.41,1738.59,12.58,10.23,19,102,7.58,disk-like
PDB65,65,0.99,0.38,0.82,0.41,0.47,0.18,0.01,0.04,0,0.01,0.01,0.04,467.2,14.82,865.08,9.85,7.32,17,67,6.07,sphere-like
PDB66,66,0.99,0.79,0.67,0.5,0.23,0.23,0.02,0,0.01,0,0.02,0,1016.5,24.24,2608.53,15.36,11.55,30,122,8.12,sphere-like
PDB67,67,0.8,-0.06,0.7,0.48,0.13,0.3,0,0.01,0.01,0,0,0.01,727.1,19.28,1652.88,12.77,9.49,23,102,7.43,sphere-like
PDB68,68,0.89,0.66,0.67,0.25,0,0.17,0,0,0,0,0.02,0,528.27,18.96,901.02,8.75,9.45,12,64,6.97,strongly anisotropic
PDB69,69,0.63,-0.35,0.67,0.52,0.09,0.15,0.01,0.01,0.01,0,0.03,0.01,984.17,22.32,2540.94,12.93,11,33,147,8.01,disk-like
PDB70,70,1,2.58,0.92,0.18,0.21,0.55,0.01,0,0,0,0.01,0,1366.71,26.82,4180.94,14.06,13.6,38,163,9.39,disk-like
PDB71,71,0.87,-0.08,0.79,0.52,0.21,0.07,0,0.02,0,0.02,0.01,0.02,869.3,23.95,2017.81,11.27,11.57,29,121,8.14,strongly anisotropic
PDB72,72,0.9,-0.09,0.67,0.6,0.27,0.27,0.01,0,0,0.01,0,0,669.18,18.95,1285.19,8.5,9.55,15,76,7.57,disk-like
PDB73,73,0,-3.11,0.27,1,0.13,0,0,0,0.03,0.03,0.03,0,559.55,18.04,1014.2,8.31,8.98,15,65,7.42,strongly anisotropic
PDB74,74,1,1.55,0.87,0.33,0.2,0.47,0.01,0,0.01,0,0.01,0,629.05,21.36,1124.11,8.33,10.69,15,69,7.12,disk-like
PDB75,75,0.85,0.43,0.74,0.37,0,0.37,0,0,0.01,0,0,0,774.51,23.6,1681.08,11.88,11.16,19,78,7.65,rod-like
PDB76,76,1,1.83,0.85,0.35,0.19,0.42,0,0,0,0,0.01,0.01,900.97,21.36,2249.84,12.44,10.48,26,126,8.24,rod-like
PDB77,77,0.03,-1.92,0.38,0.76,0.1,0.14,0.01,0,0.01,0,0.01,0,727.7,19.69,1595.94,10.93,9.77,21,96,7.39,disk-like
PDB78,78,0.91,0.6,0.74,0.34,0,0.37,0,0,0,0,0,0,1040.16,26.08,2801.5,14.19,13.02,35,144,8.53,rod-like
PDB79,79,0.8,0.03,0.71,0.47,0.12,0.18,0,0,0.01,0,0.01,0,569.18,18.75,1092.52,10.24,9.18,17,67,6.64,disk-like
PDB80,80,0.7,-0.19,0.75,0.5,0.1,0.2,0,0.02,0,0,0.02,0.01,717.42,19.57,1547.28,10.57,9.74,20,93,7.43,disk-like
PDB81,81,0.85,-0.4,0.67,0.44,0.33,0.11,0.04,0,0.02,0,0,0,381.94,15.35,555.59,8.3,7.27,9,47,5.74,disk-like
PDB82,82,0.84,0.12,0.65,0.47,0.12,0.29,0,0.01,0,0,0,0.01,569.49,18.88,1116.74,10.06,9.24,17,76,6.67,sphere-like
PDB83,83,0.56,-0.08,0.73,0.36,0,0.09,0,0,0.02,0,0.03,0,384.16,14,600.95,8.38,7.31,11,58,5.63,disk-like
PDB84,84,0.87,-0.08,0.69,0.54,0.23,0.31,0.01,0.01,0.01,0,0,0.01,621.43,17.51,1247.96,10.81,8.7,13,79,7.04,disk-like
PDB85,85,0.94,0.95,0.86,0.43,0,0.29,0,0,0.02,0,0.08,0,453.75,17.14,671.32,6.76,8.66,14,52,6.18,disk-like
PDB86,86,0.55,-0.57,0.42,0.58,0.17,0.25,0,0,0,0,0,0,410.58,14.86,653.46,9.54,7.45,12,29,5.87,disk-like
PDB87,87,0.3,-1.04,0.55,0.64,0.18,0.09,0.02,0,0,0.02,0,0,451.1,18.71,711.88,7.88,9.27,11,51,6.22,strongly anisotropic
PDB88,88,0.66,-1.17,0.58,0.79,0.42,0.11,0.05,0.01,0,0,0.02,0.01,812.01,24.02,1774.29,10.44,11.99,19,88,7.63,rod-like
PDB89,89,0.71,-0.88,0.65,0.65,0.35,0.06,0.02,0.01,0,0,0.03,0.01,780.75,19.14,1730.6,13.4,9.71,17,95,7.36,disk-like
PDB90,90,0.76,-0.38,0.68,0.64,0.2,0.12,0.02,0,0,0.01,0.02,0,938.5,23.82,2259,12.59,11.78,25,128,8.24,rod-like
PDB91,91,0.94,0.37,0.67,0.5,0.17,0.22,0,0.01,0.01,0,0.03,0.01,604.08,20.57,1123.1,9.06,10.24,18,76,6.85,disk-like
PDB92,92,0.68,0.07,0.59,0.41,0,0.29,0,0,0,0,0.01,0,614.44,19.51,1171.24,10.88,9.71,17,82,7.03,rod-like
PDB93,93,0.74,-0.42,0.67,0.61,0.22,0.22,0.01,0,0.03,0,0.01,0,617.38,19.6,1218.04,10.04,9.72,18,72,7.1,rod-like
PDB94,94,0.95,0.15,0.71,0.57,0.29,0.29,0.01,0,0.01,0,0,0,676.93,21.79,1318.89,9,10.56,14,73,7.43,disk-like
PDB95,95,0.53,-1.94,0.71,0.86,0.64,0,0.01,0.04,0,0.04,0,0.04,490.58,15.28,886.48,9.55,7.4,14,70,6.13,disk-like
PDB96,96,0.97,0.65,0.8,0.32,0.09,0.23,0,0,0,0,0.02,0,1681.36,30.5,5696.3,18.61,14.68,44,203,10.51,rod-like
PDB97,97,0.97,0.61,0.77,0.45,0.18,0.27,0.01,0,0.01,0,0.02,0,819.15,21.48,1883.32,11.47,10.87,22,90,7.82,disk-like
PDB98,98,0.7,0.14,0.71,0.5,0,0.36,0,0,0.02,0,0.02,0,489.56,17.53,862.76,9.44,8.72,14,62,6.47,rod-like
PDB99,99,0.01,-2.34,0.43,0.86,0.14,0.07,0,0.02,0.02,0.02,0,0.02,484.51,18.79,724.95,8.03,9.31,14,54,6.13,disk-like
PDB100,100,0.72,-0.62,0.71,0.67,0.25,0.08,0.02,0,0,0.01,0.01,0,973.75,25.54,2321.72,13.46,12.57,24,128,8.2,rod-like
PDB101,101,0.8,0.11,0.73,0.41,0.09,0.18,0.01,0,0.01,0,0.01,0,741.67,19.37,1693.24,12.4,9.27,22,101,7.31,sphere-like
PDB102,102,0.32,-1.08,0.56,0.67,0.22,0.22,0,0,0,0,0,0,309.63,14.52,398.57,6.59,7.19,9,36,5.37,strongly anisotropic
PDB103,103,1,2.06,0.84,0.21,0.16,0.47,0.01,0,0,0,0,0,826.06,21.5,1940.96,12.37,10.74,19,102,7.64,sphere-like
PDB104,104,0.33,-1.11,0.47,0.68,0.16,0.21,0.01,0,0,0,0.01,0,864.67,26.22,1902.2,11.29,13.09,19,78,8.53,rod-like
PDB105,105,0.99,0.88,0.77,0.38,0.31,0.35,0.02,0.01,0,0.01,0,0.01,939.1,20.02,2476.15,15.03,10.19,26,126,8.18,sphere-like
PDB106,106,0.6,-0.49,0.7,0.52,0.13,0.22,0,0,0.03,0,0,0,843.55,21.1,1960.46,12,10.84,23,108,7.9,disk-like
PDB107,107,0.41,-0.71,0.72,0.56,0.11,0.17,0.03,0,0.04,0,0.04,0,701.44,22.02,1356.73,9.11,10.85,18,76,7.27,strongly anisotropic
PDB108,108,0.46,-0.86,0.49,0.61,0.15,0.12,0.01,0.01,0.02,0,0.03,0.01,1310.35,30.96,3767.21,14.1,15.46,41,189,9.95,rod-like
PDB109,109,0.99,0.75,0.79,0.42,0.21,0.33,0.01,0.01,0,0,0.02,0.01,1114.66,27.77,2968.97,13.4,13.8,33,147,8.99,rod-like
PDB110,110,0.7,-0.37,0.63,0.58,0.16,0.26,0.01,0,0.02,0.01,0,0,731.18,21.77,1505.91,10.14,10.9,19,92,7.37,strongly anisotropic
PDB111,111,1,1.41,0.77,0.43,0.25,0.4,0,0,0,0,0.03,0,1788.62,31.92,5794.79,13.56,16.8,53,207,11.21,disk-like
PDB112,112,1,1.7,0.92,0.29,0.29,0.33,0.01,0.02,0,0.01,0.01,0.01,886.3,22.32,2113.65,12.53,11.41,24,101,8.36,rod-like
PDB113,113,0.82,0.16,0.69,0.47,0.03,0.28,0.01,0,0.02,0,0.01,0,1245.21,30.55,3391.56,14.01,15.02,36,144,9.56,rod-like
PDB114,114,0.4,-0.83,0.48,0.62,0.14,0.19,0.01,0,0,0,0.03,0,806.16,20.63,1859.11,11.88,9.87,21,110,7.75,rod-like
PDB115,115,0.15,-1.59,0.53,0.65,0.24,0.12,0.01,0.01,0.01,0,0,0,629.86,20.38,1179.51,9.27,10.17,17,79,6.86,strongly anisotropic
PDB116,116,0.54,-1.1,0.63,0.7,0.3,0.07,0.01,0.01,0,0.02,0.01,0,1150.35,27.01,2820.85,11.32,13.48,27,138,9.41,strongly anisotropic
PDB117,117,0.99,0.65,0.76,0.39,0.27,0.24,0.01,0.01,0,0,0.01,0.01,1072.97,24.16,2895.06,12.98,12.34,33,146,8.56,disk-like
PDB118,118,0.93,0.59,0.71,0.43,0.1,0.24,0.01,0,0,0,0.03,0,608.85,17.56,1203.25,10.76,8.64,21,94,6.67,disk-like
PDB119,119,1,2.11,0.93,0.13,0.13,0.4,0,0,0,0,0,0,647.54,21.59,1023.55,7.24,10.69,15,74,7.56,strongly anisotropic
PDB120,120,0.67,-0.64,0.68,0.64,0.24,0.12,0.03,0.02,0,0,0.02,0.02,751.89,25.49,1548.63,10.76,12.15,25,90,7.74,rod-like
PDB121,121,0.98,1.26,0.82,0.35,0.06,0.35,0.01,0,0,0,0.01,0,599.65,18.07,1171.22,10.55,9.23,17,71,6.64,sphere-like
PDB122,122,0.93,0.69,0.75,0.33,0,0.39,0,0,0.01,0,0,0,1082.16,26.99,2876.29,13,13.13,36,150,8.81,rod-like
PDB123,123,0.65,-0.74,0.62,0.58,0.25,0.17,0.02,0.01,0,0,0.02,0.01,890.79,23.53,1899.86,9.55,11.76,24,111,8.25,disk-like
PDB124,124,0.78,-0.61,0.68,0.58,0.32,0.11,0.02,0.01,0,0,0.03,0.01,810.1,19.85,1841.25,13.54,9.76,19,100,7.46,disk-like
PDB125,125,0.98,0.84,0.8,0.35,0.2,0.25,0.01,0,0.02,0,0,0,759.69,22.74,1611.97,11.05,11.26,20,92,7.39,disk-like
PDB126,126,0.83,-0.44,0.67,0.67,0.29,0.12,0.02,0.01,0,0.01,0.01,0.01,787.97,21.29,1804.88,11.53,10.6,24,109,7.65,rod-like
PDB127,127,0.94,0.21,0.74,0.51,0.21,0.18,0.01,0,0,0,0.04,0.01,1235.51,24.93,3513.45,15.39,12.46,39,164,9.1,disk-like
PDB128,128,0.69,-0.59,0.53,0.6,0.27,0.2,0.04,0,0,0,0,0,379.79,13.29,613.93,10.04,6.4,15,51,5.39,sphere-like
PDB129,129,0.89,0.12,0.76,0.38,0.1,0.24,0,0,0.02,0,0,0,1145.12,29.66,2927.98,13.66,14.76,29,118,9.23,rod-like
PDB130,130,0.84,0,0.65,0.45,0.12,0.22,0.01,0,0,0,0.02,0,1091.58,23.69,2953.92,14.07,11.89,40,169,8.45,sphere-like
PDB131,131,0.23,-1.09,0.52,0.57,0.1,0.1,0.01,0,0.01,0,0.02,0,825.41,24.22,1847.16,12.72,12.1,21,121,7.95,rod-like
PDB132,132,0.95,0.81,0.76,0.38,0.05,0.38,0,0,0.01,0,0,0,871.83,24.7,1962.68,11.77,12.2,21,90,7.99,rod-like
PDB133,133,0.2,-1.3,0.67,0.63,0.17,0.07,0.02,0,0.02,0,0.04,0,841.99,21.25,1999.57,13.85,9.93,30,114,7.56,sphere-like
PDB134,134,0.99,0.8,0.8,0.4,0.4,0.2,0,0.03,0,0,0,0.03,398.78,15.27,596.48,7.23,7.62,10,38,5.69,disk-like
PDB135,135,0.04,-1.92,0.38,0.76,0.14,0.14,0.01,0.01,0,0,0.01,0,663.18,18.46,1351.5,10.3,9.04,21,82,7.3,disk-like
PDB136,136,0.07,-1.54,0.31,0.62,0.06,0.06,0,0,0,0,0.01,0,743.25,23.7,1485.26,10.08,11.75,16,71,8.32,strongly anisotropic
PDB137,137,0.94,0.55,0.77,0.38,0.15,0.31,0,0,0,0,0,0,418.45,15.61,643.73,8.29,7.75,13,42,6.19,disk-like
PDB138,138,0.74,-0.05,0.7,0.5,0.1,0.3,0,0,0,0.02,0,0,460.16,17.12,778.23,9.09,8.52,10,61,6.19,disk-like
PDB139,139,0.98,0.37,0.76,0.48,0.33,0.19,0.02,0,0,0,0.01,0,959.97,26.04,2303.11,12.56,12.88,21,98,8.72,rod-like
PDB140,140,0.89,0.02,0.72,0.48,0.2,0.32,0.02,0,0.01,0.01,0,0,892.43,20.27,2220.59,13.31,9.97,25,129,7.87,disk-like
PDB141,141,0.07,-1.94,0.38,0.88,0.25,0.12,0.03,0.03,0,0,0.03,0.03,324.93,17.15,394.87,6.22,8.37,8,36,5.27,disk-like
PDB142,142,0.67,-0.71,0.71,0.62,0.25,0.12,0.01,0.03,0,0,0.03,0.02,985.3,23.93,2473.15,13.89,11.43,24,137,8.34,disk-like
PDB143,143,0.86,-0.24,0.58,0.58,0.26,0.26,0.01,0,0.01,0.01,0.01,0,797.6,20.74,1782.67,12.66,10.05,19,104,7.4,sphere-like
PDB144,144,0.63,-0.63,0.69,0.62,0.23,0.15,0.01,0,0.01,0.01,0.01,0,526.96,19.4,889.55,9.61,9.38,13,76,6.66,strongly anisotropic
PDB145,145,0.78,-0.48,0.67,0.58,0.25,0.17,0,0.02,0,0,0.01,0.02,966.37,22.47,2450.74,13.36,11.12,24,130,8.44,strongly anisotropic
PDB146,146,0.47,-0.49,0.58,0.5,0.08,0.25,0.02,0,0,0,0,0,516.9,18.93,745.23,6.45,9.62,12,52,7,strongly anisotropic
PDB147,147,1,1.9,0.85,0.33,0.19,0.44,0,0,0,0,0,0.01,831.67,20.97,1965.94,12.03,10.51,27,109,8.02,rod-like
PDB148,148,1,2.1,0.89,0.16,0.26,0.42,0,0,0.01,0,0,0,583.89,18.26,1189.13,10.42,9.07,19,94,6.64,rod-like
PDB149,149,0.99,1.19,0.7,0.33,0.17,0.37,0,0,0,0,0.02,0,1049.28,24.11,2738.03,14.05,12.25,30,150,8.92,rod-like
PDB150,150,0.43,-0.83,0.5,0.5,0.2,0.2,0.04,0,0,0,0,0,322.66,13.7,444.37,7.47,6.73,10,46,5.15,rod-like
PDB151,151,0.55,-0.39,0.71,0.54,0.08,0.21,0.02,0,0.02,0,0.05,0,695.88,19.96,1495.7,11.24,9.85,24,81,6.9,sphere-like
PDB152,152,0.38,-0.4,0.59,0.59,0,0.23,0,0,0.02,0,0,0,749.76,18.48,1715.91,12.92,9.18,22,90,7.6,sphere-like
PDB153,153,0.87,-0.87,0.61,0.61,0.44,0.11,0.02,0.01,0,0.02,0.01,0.01,827.09,27.57,1627.61,9.01,13.76,18,109,8.7,strongly anisotropic
PDB154,154,0.42,-0.43,0.64,0.57,0.07,0.21,0,0,0,0,0.04,0,407.65,14.11,656.42,9.33,6.95,14,51,5.81,rod-like
PDB155,155,0.76,-0.43,0.67,0.59,0.22,0.07,0.02,0.01,0,0.01,0.02,0,856.13,22.29,1962.84,12.57,11.07,27,112,7.64,rod-like
PDB156,156,1,1.68,0.84,0.24,0.04,0.44,0,0,0.01,0,0.02,0,1114.98,32.53,2431.44,9.23,16.26,25,90,10.95,strongly anisotropic
PDB157,157,0.52,-1.34,0.53,0.82,0.41,0.12,0.04,0.01,0,0,0.03,0.01,641.21,20.56,1243.24,10.26,10.2,17,75,7.15,strongly anisotropic
PDB158,158,0.81,-0.35,0.62,0.49,0.18,0.16,0.01,0,0,0,0.01,0,1479.78,28.38,4599.07,16.8,14.09,45,203,10.14,rod-like
PDB159,159,0.94,-0.12,0.84,0.47,0.37,0.11,0,0,0.01,0.02,0,0,645.02,18.1,1349.06,11.21,9.08,19,88,7.09,rod-like
PDB160,160,0.8,-0.2,0.65,0.54,0.15,0.23,0,0.01,0.01,0,0.01,0.01,1048.09,24.27,2407.75,10.8,12.26,26,135,8.55,disk-like
PDB161,161,0.95,0,0.83,0.39,0.35,0.13,0,0.02,0.01,0,0.01,0.02,845.71,23.34,1954.21,10.97,11.66,23,125,8.15,strongly anisotropic
PDB162,162,0.98,0.85,0.79,0.32,0.16,0.26,0.01,0,0.01,0,0,0,692.93,19.62,1468.94,11.25,9.79,19,82,7.45,disk-like
PDB163,163,0.8,-0.34,0.67,0.56,0.22,0.15,0.01,0.01,0,0.01,0.04,0,894.22,21.27,2151.21,12.83,10.97,27,114,7.87,sphere-like
PDB164,164,0.42,-0.66,0.58,0.53,0.11,0.05,0.01,0,0.01,0,0,0,699.79,19.58,1465.84,11.46,10.03,19,95,7.24,disk-like
PDB165,165,0.87,0.24,0.74,0.48,0.09,0.26,0,0.02,0,0,0.02,0.02,797.18,21.63,1800.1,10.97,10.77,23,100,7.62,strongly anisotropic
PDB166,166,0.79,-0.98,0.61,0.67,0.44,0.11,0.02,0.01,0,0.02,0.01,0.01,824.82,28.23,1608.34,9.03,14.11,18,102,8.78,strongly anisotropic
PDB167,167,0.37,-1.96,0.83,0.75,0.58,0,0,0,0.01,0.01,0,0.01,443.9,14.59,755.43,9.9,7.02,12,67,5.74,sphere-like
PDB168,168,0.14,-2.41,0.53,1,0.53,0,0.04,0.01,0,0.05,0,0.01,532.28,17.64,992.08,9.75,8.11,15,82,6.44,disk-like
PDB169,169,0.88,-0.18,0.78,0.52,0.26,0.17,0.01,0,0,0,0.01,0,788.36,25.44,1600.16,10.84,12.68,23,91,8.27,strongly anisotropic
PDB170,170,0.81,-0.11,0.6,0.5,0.2,0.3,0,0.03,0,0,0,0,323.2,13.95,406.28,6.53,7,10,34,5.74,disk-like
PDB171,171,0.54,-0.82,0.52,0.66,0.21,0.07,0.02,0,0,0,0.03,0,982.32,25.55,2327.85,12.17,12.73,29,121,9.03,strongly anisotropic
PDB172,172,0.96,0.38,0.75,0.41,0.22,0.19,0.01,0.01,0,0.01,0.02,0.01,1069.97,25.04,2817.95,12.65,12.52,32,160,8.92,strongly anisotropic
PDB173,173,0.37,-1.17,0.58,0.61,0.19,0.1,0.03,0,0.02,0,0.04,0,1393.74,26.3,4051.89,12.43,12.81,31,138,10.59,disk-like
PDB174,174,0.99,0.76,0.64,0.36,0.32,0.27,0,0.01,0,0,0.01,0.01,847,23.05,1901.32,11.14,11.04,22,111,7.95,disk-like
PDB175,175,0.52,-0.34,0.65,0.39,0.04,0.22,0,0,0.01,0,0.01,0,726.48,19.37,1613.27,11.96,9.89,23,103,7.44,sphere-like
PDB176,176,0.65,-0.82,0.5,0.77,0.27,0.05,0.01,0.01,0,0.02,0.03,0.01,901.77,22.77,2216.68,12.54,11.36,22,133,8.06,strongly anisotropic
PDB177,177,0.49,-0.95,0.64,0.71,0.21,0.11,0.01,0.01,0.01,0.01,0.01,0,1042.51,25.44,2686.68,13.44,12.72,28,147,8.57,rod-like
PDB178,178,0.09,-1.72,0.78,0.67,0.22,0.11,0,0.03,0.09,0,0,0,385.72,16.28,502.86,5.95,8.27,9,34,6.59,disk-like
PDB179,179,0.98,0.73,0.76,0.41,0.18,0.41,0,0.01,0.01,0,0,0.01,1286.44,28.68,3666.29,14.22,14.34,34,168,9.76,rod-like
PDB180,180,0.46,-1.24,0.61,0.78,0.33,0.17,0,0,0,0.03,0.01,0,730.54,20.36,1594.77,11.58,10.18,18,103,7.12,sphere-like
PDB181,181,0.13,-1.51,0.56,0.75,0.19,0.19,0.03,0,0.01,0,0,0,623.11,19.15,1165.29,8.51,9.59,16,73,7.14,strongly anisotropic
PDB182,182,0.96,0.74,0.8,0.4,0.13,0.27,0.01,0,0.01,0,0,0,568.66,17.71,1107.91,10.55,8.2,15,75,6.78,rod-like
PDB183,183,0.17,-1.05,0.61,0.67,0.06,0.17,0,0,0.01,0.01,0.02,0,680.21,21.18,1340.27,10.5,10.58,18,90,7.78,strongly anisotropic
PDB184,184,0.75,-0.27,0.68,0.55,0.13,0.19,0.01,0,0.01,0,0.01,0,1204.75,30.19,3258.36,14.55,14.85,31,136,9.75,rod-like
PDB185,185,0.77,-0.29,0.65,0.55,0.16,0.19,0,0,0.01,0.01,0.02,0,1088.98,23.5,2981.75,14.84,11.83,31,170,8.68,rod-like
PDB186,186,0.71,-0.32,0.67,0.33,0.17,0.08,0,0,0,0,0.01,0,626,19.17,1188.76,10.8,9.33,12,75,7.25,disk-like
PDB187,187,0.77,-0.61,0.67,0.67,0.3,0.11,0.02,0.01,0,0.01,0.01,0.01,858.99,21.99,2033.12,12.89,11.01,27,116,7.81,rod-like
PDB188,188,0.85,0.28,0.6,0.5,0.05,0.3,0,0,0,0,0.02,0,845.1,24.54,1753.62,10.66,12.01,20,88,8.24,strongly anisotropic
PDB189,189,1,1.07,0.81,0.47,0.31,0.38,0.01,0.01,0,0.01,0.02,0.01,1038.54,24.52,2747.2,13.87,12.26,32,134,8.71,rod-like
PDB190,190,0.37,-1.04,0.79,0.71,0.21,0.21,0.01,0,0.04,0.02,0.01,0,641.63,20.82,1225.01,9.37,10.36,14,85,6.85,strongly anisotropic
PDB191,191,1,1.74,0.93,0.3,0.3,0.33,0.01,0.01,0,0.01,0,0.02,907.44,22.5,2297.62,13.5,11.07,27,116,8.11,rod-like
PDB192,192,1,1.33,0.79,0.37,0.26,0.47,0,0.02,0,0.01,0.01,0.01,1125.18,30.71,2131.27,6.62,15.35,19,119,9.76,strongly anisotropic
PDB193,193,0.98,0.82,0.75,0.38,0.25,0.25,0.03,0,0,0,0,0,288.59,12.55,388.79,8.12,5.84,8,31,5.05,sphere-like
PDB194,194,0.58,-0.63,0.65,0.61,0.17,0.13,0.01,0.02,0,0,0.02,0.02,840.36,21.91,1946.49,12.31,10.86,23,111,8.2,rod-like
PDB195,195,0.81,-0.22,0.62,0.65,0.19,0.12,0.01,0.01,0,0,0.03,0.01,762.43,23.89,1514.2,10.83,12,26,103,7.35,strongly anisotropic
PDB196,196,0.3,-0.7,0.46,0.62,0.08,0.15,0,0,0,0,0.02,0,399.59,15.8,593.24,7.63,7.86,13,60,5.92,rod-like
PDB197,197,0.18,-1.13,0.68,0.68,0.11,0.16,0.01,0,0.03,0,0.04,0,524.9,17.61,989.25,10.22,8.55,19,74,6.3,sphere-like
PDB198,198,0.78,-0.14,0.7,0.43,0.13,0.26,0,0,0.02,0,0,0,848.45,22.34,1987.53,11.15,11.18,23,111,8.04,disk-like
PDB199,199,0.83,-0.5,0.69,0.65,0.31,0.12,0.02,0.01,0,0.02,0.01,0.01,859.78,23,2025.81,13.22,11.49,26,126,7.85,rod-like
PDB200,200,0.99,0.4,0.76,0.43,0.38,0.19,0.02,0.01,0,0.02,0.01,0.01,833.62,23.46,1947.7,11.99,11.71,21,103,7.57,disk-like
PDB201,201,0.07,-1.6,0.55,0.77,0.09,0.09,0,0,0.02,0.02,0.03,0,952.2,24.81,2188.19,12.28,12.4,22,103,8.31,strongly anisotropic
PDB202,202,0.48,-1.11,0.67,0.78,0.33,0.22,0.02,0,0.02,0,0,0,392.84,15.79,560.25,7.13,7.75,9,44,6.1,strongly anisotropic
PDB203,203,0.96,0.24,0.71,0.41,0.21,0.29,0,0.01,0,0.01,0.01,0.02,1590.57,33.93,4581.59,15.19,16.99,34,157,11.13,rod-like
PDB204,204,0.99,1.21,0.82,0.32,0.14,0.39,0.01,0.01,0.01,0,0.01,0.01,1009.22,25.44,2562.87,11.99,12.72,28,138,8.65,strongly anisotropic
PDB205,205,0.52,-0.34,0.65,0.39,0.04,0.22,0,0,0.01,0,0.01,0,746.38,21.81,1660.13,11.97,10.86,23,101,7.75,rod-like
PDB206,206,0.98,0.62,0.78,0.44,0.19,0.22,0.01,0,0,0,0.05,0,1145.22,24.79,3152.38,12.86,12.65,32,130,8.75,sphere-like
PDB207,207,0.71,-0.51,0.85,0.62,0.23,0.08,0,0,0,0.01,0.03,0,607.1,18.92,1048.1,7.62,9.72,13,73,6.9,disk-like
PDB208,208,0.95,0.29,0.73,0.4,0.27,0.2,0.01,0.01,0,0,0.01,0.01,550.91,18.57,1047.11,10.46,9.19,15,76,6.46,rod-like
PDB209,209,0.83,0.14,0.79,0.38,0.08,0.25,0.01,0,0.02,0,0.01,0,859.24,20.34,2121.59,14.17,9.81,24,104,8.07,rod-like
PDB210,210,0.79,-0.14,0.59,0.53,0.18,0.24,0.02,0,0,0,0.01,0,534.74,17.26,978.64,9.27,8.6,17,83,6.46,disk-like
PDB211,211,0.91,-0.06,0.64,0.5,0.27,0.27,0,0.02,0,0.01,0.02,0.02,758.44,22.57,1606.8,10.51,11.28,22,98,7.51,strongly anisotropic
PDB212,212,0.72,-0.24,0.59,0.54,0.08,0.22,0,0,0,0.01,0.02,0,1324.78,30.13,3813.53,14.4,15.06,37,190,9.67,rod-like
PDB213,213,0.33,-1.14,0.64,0.61,0.21,0.07,0.02,0.02,0.01,0,0.01,0.01,829.35,22.45,1966.1,12.62,10.48,28,111,7.82,rod-like
PDB214,214,0.78,0.13,0.56,0.44,0.06,0.39,0,0,0.01,0,0,0,651.01,18.71,1342.81,9.72,9.06,18,75,7.26,rod-like
PDB215,215,0.85,-0.27,0.67,0.6,0.27,0.33,0.04,0,0,0.01,0,0,718.36,23.93,1288.72,8.16,11.71,15,70,8.24,strongly anisotropic
PDB216,216,1,2.47,0.91,0.18,0.12,0.61,0.01,0,0,0,0.01,0,1126.91,27.43,3020.59,13.09,13.55,33,141,9.13,rod-like
PDB217,217,0.95,-0.28,0.76,0.53,0.47,0.06,0.01,0.01,0,0,0.02,0.01,586.81,19.09,1166.71,10.22,9.45,17,89,6.57,sphere-like
PDB218,218,0.84,0.09,0.73,0.47,0.13,0.33,0.01,0,0.03,0,0,0,605.47,18.33,1192.93,9.88,9.16,15,78,7.06,rod-like
PDB219,219,0.92,0.56,0.69,0.38,0.08,0.31,0,0,0.01,0,0.01,0,694.13,18.99,1498.94,10.18,9.41,26,101,7.21,disk-like
PDB220,220,0.88,0.48,0.71,0.35,0,0.35,0,0,0,0,0,0,1025.25,23.53,2725.68,14.18,11.66,34,133,8.45,rod-like
PDB221,221,0.59,-0.32,0.64,0.52,0.08,0.24,0.01,0,0.02,0,0.02,0.01,715.35,19.69,1608.06,11.95,9.84,25,105,7.33,rod-like
PDB222,222,0.92,0.08,0.65,0.55,0.25,0.2,0.01,0,0,0.01,0.03,0,665.82,19.26,1361.56,11.2,9.61,20,88,6.83,sphere-like
PDB223,223,0.85,0.19,0.77,0.41,0.09,0.27,0.01,0,0.02,0,0.01,0,844.64,19.94,2075.69,13.76,9.7,22,103,8.06,sphere-like
PDB224,224,0.08,-1.96,0.57,0.79,0.29,0,0.04,0,0,0,0.02,0.02,521.51,18.17,855.57,7.37,9.09,14,52,6.5,strongly anisotropic
PDB225,225,0.42,-0.41,0.54,0.46,0,0.29,0,0,0.01,0,0.01,0,783.71,21.08,1796.8,12.22,10.53,24,98,7.74,sphere-like
PDB226,226,0.96,1.05,0.75,0.31,0,0.38,0,0,0.02,0,0,0,591.66,18.44,1114.27,10.48,9.19,16,65,6.95,disk-like
PDB227,227,0.98,-0.52,0.71,0.71,0.64,0.07,0.03,0,0,0.02,0.01,0,760.42,21.8,1656.06,11.5,10.71,14,94,8.02,strongly anisotropic
PDB228,228,0.89,0.2,0.85,0.5,0.15,0.2,0.01,0,0.01,0.01,0.03,0,695.09,20.58,1456.32,10.34,10.18,20,86,7.64,rod-like
PDB229,229,0.06,-2.06,0.55,0.73,0.27,0,0,0,0.02,0.02,0,0,522.94,22.29,725.95,6.72,11.08,11,49,7.52,strongly anisotropic
PDB230,230,0.55,-0.93,0.64,0.64,0.27,0.18,0.02,0.02,0,0,0.02,0.02,490.93,20.42,775.02,7.8,10.14,11,65,6.58,rod-like
PDB231,231,0.89,0.11,0.82,0.35,0.18,0.06,0,0,0,0,0,0.01,685.84,23.02,1303.59,8.38,11.45,17,80,7.51,strongly anisotropic
PDB232,232,0.85,-0.09,0.76,0.47,0.1,0.16,0,0,0,0,0.03,0,1880.89,34.62,6683.88,19.96,17.28,51,224,11,rod-like
PDB233,233,0.49,-0.75,0.65,0.65,0.13,0.09,0.03,0,0,0,0.05,0,994.02,26.2,2418.84,14.17,12.98,23,110,8.84,strongly anisotropic
PDB234,234,0.12,-1.31,0.5,0.75,0.12,0.25,0,0,0,0,0.02,0.02,311.9,12.4,428.63,8.47,6.12,8,44,5.15,sphere-like
PDB235,235,1,1.86,0.94,0.31,0.5,0.38,0.03,0,0,0.01,0,0,560.57,16.75,1120.19,10.54,7.9,16,79,6.42,sphere-like
PDB236,236,0.64,-0.71,0.55,0.55,0.27,0.18,0,0.02,0.02,0,0.02,0.02,433.78,15.23,719.76,9.2,7.73,11,61,5.84,disk-like
PDB237,237,0.88,-0.06,0.73,0.55,0.23,0.18,0.01,0,0,0.02,0.04,0,730.8,20.91,1587.65,11.15,10.45,22,84,7.51,strongly anisotropic
PDB238,238,0.79,-0.18,0.69,0.54,0.15,0.23,0.01,0,0.02,0,0.02,0,867.72,20.95,2111.1,14.09,10.44,26,100,7.96,sphere-like
PDB239,239,0.25,-1.48,0.56,0.72,0.28,0.11,0.01,0,0.01,0.01,0.02,0,707.91,21.25,1424.62,10.2,10.58,18,93,7.23,disk-like
PDB240,240,0.01,-2.05,0.27,0.73,0,0,0,0,0,0,0.05,0,359.88,16.32,489.85,6.79,8.18,11,56,5.55,disk-like
PDB241,241,1,1.3,0.9,0.25,0.2,0.35,0,0.01,0.01,0,0.01,0.01,872.05,24.47,1875.04,9.26,12.24,20,112,8.23,disk-like
PDB242,242,0.15,-1.02,0.65,0.65,0.05,0.05,0.01,0,0.02,0,0.05,0,623.22,18.45,1259.9,10.46,8.63,20,80,6.92,strongly anisotropic
PDB243,243,0.97,0.49,0.76,0.48,0.24,0.38,0.01,0.01,0,0,0,0.01,811.42,21.08,1783.26,10.88,10.98,21,100,8.06,disk-like
PDB244,244,0.66,-0.63,0.69,0.62,0.23,0.15,0.01,0,0.01,0.01,0.01,0,579.03,20.89,1051.49,9.43,10.34,13,77,6.86,strongly anisotropic
PDB245,245,0.71,-0.08,0.75,0.5,0.08,0.25,0.01,0,0.01,0,0.01,0,540.6,18.04,1006.01,9.61,9,12,71,6.71,disk-like
PDB246,246,0,-3.08,0.6,0.9,0.2,0,0,0.04,0.06,0,0.02,0.02,480.16,16.61,792.31,9.72,8.48,10,47,6.4,disk-like
PDB247,247,0.99,1.18,0.79,0.36,0.14,0.36,0,0,0,0.01,0.03,0,596.6,17.49,1204.16,10.59,8.83,14,72,7.01,strongly anisotropic
PDB248,248,0.2,-1.43,0.56,0.67,0.22,0.11,0.01,0,0.01,0,0,0,699.38,20.89,1399.56,9.91,10.72,18,92,7.14,strongly anisotropic
PDB249,249,0.87,-0.2,0.75,0.54,0.25,0.17,0.01,0,0,0,0.02,0,833.51,25.81,1722.45,11.15,12.76,24,94,8.4,strongly anisotropic
PDB250,250,0.84,0.16,0.69,0.69,0.12,0.06,0,0.02,0,0,0.03,0.02,420.78,16.42,692.28,9.05,7.87,16,61,5.52,disk-like
PDB251,251,0.38,-0.66,0.62,0.5,0.12,0,0,0,0.03,0.03,0.03,0,253.42,14.26,251.8,4.42,7.08,8,37,5.17,strongly anisotropic
PDB252,252,0.6,-0.43,0.73,0.47,0.1,0.23,0.01,0,0.02,0,0.01,0,1009.33,26.12,2455.45,11.9,13.04,30,118,8.87,rod-like
PDB253,253,0.72,-0.6,0.53,0.67,0.27,0.2,0,0,0.01,0.01,0.03,0.01,712.91,21.08,1388.83,9.07,10.76,15,87,7.5,strongly anisotropic
PDB254,254,0.74,-0.57,0.67,0.56,0.26,0.11,0.02,0,0.01,0.02,0.03,0.01,856.69,21.92,2043.59,12.6,10.85,27,113,7.75,rod-like
PDB255,255,0.57,-0.41,0.77,0.5,0.09,0.18,0,0,0.02,0,0.01,0,788.8,20.74,1834.35,12.37,10.25,22,96,7.83,disk-like
PDB256,256,0.59,-0.29,0.55,0.45,0.09,0.18,0.02,0,0,0,0,0,397.23,17.55,493.33,5.85,8.83,11,42,6.29,strongly anisotropic
PDB257,257,0.85,0.43,0.74,0.37,0,0.37,0,0,0.01,0,0,0,756.22,23.14,1634.01,11.95,11.01,19,79,7.75,rod-like
PDB258,258,0.51,-0.92,0.73,0.6,0.27,0.2,0.02,0.02,0.02,0,0.02,0.03,566.14,18.85,1090.28,10.6,8.7,15,63,6.81,sphere-like
PDB259,259,0.95,1.03,0.89,0.44,0,0.33,0,0,0.03,0,0,0,282.21,13.79,327.11,5.64,6.89,9,34,4.81,disk-like
PDB260,260,0.98,0.27,0.71,0.48,0.33,0.29,0,0.03,0,0.01,0.02,0.03,750.1,22.49,1547.52,10.08,11.12,21,98,7.55,strongly anisotropic
PDB261,261,0.66,-0.51,0.71,0.64,0.18,0.07,0.02,0.02,0.01,0,0.02,0.02,842.1,22.59,1925.98,11.26,11.27,28,123,7.63,disk-like
PDB262,262,0.72,-0.25,0.65,0.59,0.12,0.29,0,0,0,0.01,0.02,0,955.04,28.39,2136.09,10.33,14.15,17,107,8.79,strongly anisotropic
PDB263,263,0.53,-0.46,0.67,0.46,0.08,0.25,0,0,0.01,0,0,0,797.75,19.88,1891.95,14.34,9.46,24,111,7.7,sphere-like
PDB264,264,0.85,0.02,0.61,0.56,0.17,0.33,0,0.01,0.01,0,0,0.01,579.51,18.81,1077.61,9.87,9.32,18,69,6.97,rod-like
PDB265,265,1,1.94,0.82,0.24,0.06,0.59,0,0,0,0,0,0,584.11,17.06,1181.12,11.15,8.29,17,69,6.5,sphere-like
PDB266,266,0.65,-0.38,0.65,0.6,0.15,0.1,0.01,0.01,0,0,0.03,0.01,541.92,19.29,987.34,9.7,9.64,20,76,6.33,rod-like
PDB267,267,1,1.12,0.83,0.33,0.33,0.11,0.02,0,0,0,0.02,0,566.35,17.09,1116.12,11.36,8.5,18,60,6.62,sphere-like
PDB268,268,0.99,1.54,0.8,0.25,0.1,0.35,0.01,0,0,0,0.01,0,616.29,17.37,1240.51,12.08,9.27,20,83,6.69,sphere-like
PDB269,269,0.77,-0.07,0.67,0.53,0.13,0.27,0.02,0,0,0,0.02,0,445.83,15.53,759.58,9.9,7.32,15,53,5.82,sphere-like
PDB270,270,0.5,-0.92,0.7,0.6,0.3,0.1,0,0.03,0,0,0.03,0.03,296.34,12.54,371.58,8.72,6.2,10,33,5.09,sphere-like
PDB271,271,0.87,-0.1,0.68,0.6,0.2,0.2,0.01,0,0,0.02,0.03,0,936.81,24.52,2213.55,10.32,12.08,25,109,8.68,strongly anisotropic
PDB272,272,0.79,-0.23,0.67,0.54,0.17,0.21,0,0.01,0.01,0,0.02,0.01,1010.2,24.42,2284.64,10.95,12.3,24,132,8.46,disk-like
PDB273,273,0.52,-1.1,0.69,0.66,0.28,0.17,0.02,0.03,0.01,0.01,0.01,0.03,1168.21,28.79,3018.93,14.39,14.34,29,127,9.49,rod-like
PDB274,274,0.94,-0.16,0.62,0.6,0.21,0.24,0.01,0.01,0,0.01,0.04,0,1834.65,39.04,5798.58,14.73,19.52,42,163,12.23,strongly anisotropic
PDB275,275,0.92,0.59,0.62,0.38,0.06,0.44,0,0,0.02,0,0,0,545.65,18.38,1021.68,9.7,8.84,16,64,6.9,rod-like
PDB276,276,0.94,0.74,0.75,0.44,0.06,0.31,0,0,0,0,0.04,0,574.65,17.68,1089.72,10.26,9.01,16,67,6.56,sphere-like
PDB277,277,0.4,-1.96,0.83,0.75,0.58,0,0,0,0.02,0.02,0,0.02,401.08,15.09,648.1,9.31,7.22,12,60,5.49,sphere-like
PDB278,278,0.54,-0.85,0.59,0.71,0.24,0.12,0,0.02,0.01,0,0.02,0.02,746.57,23.27,1561.51,11,11.6,17,96,8.04,rod-like
PDB279,279,0.29,-1.05,0.5,0.78,0.17,0.11,0,0.03,0.01,0,0.03,0.03,603.66,17.42,1124.57,7.78,8.74,18,71,7.24,disk-like
PDB280,280,0.63,-0.61,0.75,0.5,0.25,0.12,0,0.03,0.03,0,0,0.03,248.88,13.46,260.58,4.39,6.7,8,30,5.28,strongly anisotropic
PDB281,281,0.06,-1.42,0.61,0.72,0.06,0,0,0,0.03,0,0.04,0,564.98,16.05,1108.23,10.33,7.97,18,69,6.37,disk-like
PDB282,282,0.69,-0.35,0.72,0.67,0.17,0.06,0,0.01,0,0.03,0.01,0.01,559.02,18.3,938.86,8.03,9.15,18,73,6.46,disk-like
PDB283,283,0.94,0.62,0.71,0.32,0.07,0.29,0,0,0.01,0,0.01,0,860.38,22.3,2020.21,11.51,11.05,28,115,8.13,strongly anisotropic
PDB284,284,0.9,-0.09,0.67,0.6,0.27,0.27,0.01,0,0,0,0,0,703.34,20.44,1466.28,9.85,9.77,15,82,7.54,disk-like
PDB285,285,0.93,0.39,0.62,0.54,0.15,0.31,0,0,0,0,0.03,0,598.45,19.11,1100.48,10.19,9.34,13,58,7.1,strongly anisotropic
PDB286,286,0.81,0.05,0.74,0.45,0.1,0.23,0.02,0.01,0,0,0.02,0.01,821.41,22.05,1917.44,11.38,11.03,31,120,7.9,strongly anisotropic
PDB287,287,0.97,0.7,0.69,0.38,0.16,0.31,0.01,0,0.01,0,0.02,0,1151.28,26.8,3070.58,11.7,13.4,32,157,9.41,strongly anisotropic
PDB288,288,0.48,-0.64,0.6,0.56,0.12,0.2,0.01,0.01,0,0.01,0.02,0.01,818.11,20.74,1991.29,12.68,10.36,25,127,7.8,rod-like
PDB289,289,0.86,-0.24,0.58,0.58,0.26,0.26,0.01,0,0.01,0.01,0.01,0,799.27,20.69,1811.1,13.19,9.93,19,107,7.45,sphere-like
PDB290,290,0.91,0.6,0.74,0.34,0,0.37,0,0,0,0,0,0,1036.61,25.64,2763.38,14.23,12.66,35,142,8.54,rod-like
PDB291,291,0.99,0.36,0.88,0.5,0.44,0.25,0.04,0.01,0,0.01,0.01,0.01,466.42,15.92,860.87,9.69,7.88,16,73,5.91,sphere-like
PDB292,292,0.89,-0.01,0.71,0.53,0.24,0.18,0.01,0.01,0.01,0.01,0.03,0.01,631.71,19.25,1262.1,11.82,9.22,17,75,6.93,sphere-like
PDB293,293,0.15,-0.93,0.5,0.7,0,0.3,0,0,0.02,0,0,0,520.62,20.11,773.27,6.77,9.87,10,49,7.26,strongly anisotropic
PDB294,294,0.99,0.91,0.77,0.35,0.23,0.27,0,0,0,0,0.01,0,835.93,19.77,2007.86,13.56,9.83,26,137,7.76,sphere-like
PDB295,295,0.93,0.16,0.66,0.4,0.2,0.23,0.01,0.01,0,0,0.01,0.01,1165.53,25.13,3204.01,12.59,12.6,35,172,9.2,strongly anisotropic
PDB296,296,0.99,0.79,0.75,0.5,0.33,0.33,0.04,0,0,0,0,0,494.66,15.36,853.74,8.51,7.92,12,54,6.49,disk-like
PDB297,297,1,1.66,0.84,0.26,0.26,0.47,0,0.01,0,0.02,0.01,0.01,715.93,18.7,1600.92,12.53,9.35,19,109,7.18,sphere-like
PDB298,298,1,1.17,0.85,0.38,0.38,0.31,0.05,0,0,0,0,0,432.42,14.52,725.54,10.05,7,13,38,5.93,sphere-like
PDB299,299,0.94,0.61,0.75,0.42,0.08,0.38,0,0,0.01,0,0.01,0,788.9,20.97,1805.41,11.71,10.33,24,106,7.68,rod-like
PDB300,300,0.99,1.05,0.87,0.23,0.2,0.3,0.01,0,0.01,0,0,0,1085.8,27.95,2760.62,12.75,13.99,30,144,9.45,rod-like
PDB301,301,0.73,0.02,0.65,0.4,0.05,0.3,0,0,0,0,0.01,0,675.93,18.46,1442.08,12.94,8.33,20,96,7.26,sphere-like
PDB302,302,1,1.73,0.78,0.3,0.13,0.48,0,0,0,0.01,0.04,0,935.89,21.55,2288.02,11.78,10.91,23,108,8.71,disk-like
PDB303,303,0.85,-0.56,0.65,0.65,0.35,0.1,0.01,0.02,0,0.01,0.01,0.02,869.65,21.17,2102.99,13,10.77,20,101,7.98,sphere-like
PDB304,304,0.83,-0.74,0.75,0.7,0.4,0.05,0.05,0,0,0.01,0.04,0,883.61,22.45,2146.81,13.09,10.33,20,93,8.22,rod-like
PDB305,305,0.99,1.13,0.82,0.39,0.25,0.36,0,0.01,0,0,0.02,0.01,982.38,25.98,2444.54,12.08,12.83,28,136,8.68,rod-like
PDB306,306,0.55,-0.72,0.67,0.63,0.19,0.15,0.02,0,0.01,0,0.02,0.01,881.26,20.99,2139,11.45,10.55,27,129,7.79,disk-like
PDB307,307,0.85,-0.27,0.7,0.61,0.26,0.13,0.02,0.01,0,0.01,0.01,0.01,758.9,19.15,1699.96,12.43,9.57,23,102,7.39,sphere-like
PDB308,308,1,0.77,0.82,0.41,0.41,0.29,0.02,0.01,0,0.01,0,0.01,720.46,20.8,1535.2,10.22,9.84,17,94,7.38,disk-like
PDB309,309,0.98,0.08,0.6,0.58,0.3,0.16,0.01,0,0,0.01,0.03,0,2006.54,40.82,6507.56,15.19,20.36,43,214,13.86,strongly anisotropic
PDB310,310,0.73,-0.96,0.59,0.76,0.41,0.12,0.04,0.01,0,0,0.02,0.01,652.28,20.03,1330.6,10.08,10.01,17,81,6.94,strongly anisotropic
PDB311,311,0.78,-0.43,0.69,0.62,0.23,0.15,0.01,0.02,0,0,0.01,0.01,988.81,23.71,2500.3,11.99,11.59,26,136,8.55,strongly anisotropic
PDB312,312,0.94,0.18,0.62,0.5,0.25,0.25,0.03,0,0,0.01,0,0,640.07,19.01,1264.55,9.86,9.48,16,71,7.18,disk-like
PDB313,313,0.18,-1.05,0.46,0.69,0.08,0.15,0,0,0,0,0.04,0,529.13,18.22,891.56,7.96,8.95,13,54,7.09,strongly anisotropic
PDB314,314,1,1.26,0.83,0.24,0.24,0.31,0.02,0,0,0,0.01,0,1048.95,27.83,2570.32,11.37,13.73,29,126,9.51,strongly anisotropic
PDB315,315,0.69,-0.33,0.72,0.66,0.14,0.1,0.01,0.01,0.02,0,0.03,0.01,938.54,22.16,2250.84,12.91,10.93,29,127,7.79,disk-like
PDB316,316,0.99,0.62,0.78,0.53,0.28,0.33,0.02,0.01,0.01,0.01,0.02,0.01,1218.01,29.02,3401.65,14.9,14.31,36,169,9.37,rod-like
PDB317,317,0.9,0.13,0.71,0.52,0.19,0.33,0.01,0.01,0.01,0,0.01,0,653.25,19.69,1372,11.52,9.7,21,90,7.13,rod-like
PDB318,318,0.95,-0.15,0.85,0.54,0.46,0.08,0.04,0,0.02,0.02,0,0,368.64,12.83,600.43,9.55,6.41,13,46,5.57,sphere-like
PDB319,319,0.99,0.61,0.83,0.44,0.44,0.22,0.02,0.01,0,0.01,0.01,0.01,651.72,19.43,1366.68,11.02,9.78,18,85,6.87,rod-like
PDB320,320,0.71,-0.18,0.62,0.5,0.12,0.31,0.02,0,0,0,0.03,0,504.43,18.89,772.75,7.62,9.45,16,60,6.79,strongly anisotropic
PDB321,321,0.75,-0.76,0.64,0.64,0.32,0.12,0.01,0.02,0,0,0.03,0.02,1004.27,23.32,2507.93,10.98,11.7,25,124,8.57,disk-like
PDB322,322,0.76,-0.04,0.65,0.5,0.1,0.3,0,0.01,0.01,0,0,0.01,651.92,19.12,1376.64,12.01,9.4,20,93,7.1,disk-like
PDB323,323,0.73,-0.52,0.83,0.67,0.25,0.08,0,0,0,0.02,0.03,0,563.13,18.28,878.72,6.48,9.61,12,64,6.88,disk-like
PDB324,324,0.63,-0.7,0.62,0.56,0.25,0.19,0,0.03,0.02,0,0,0.03,573.67,18.17,1106.11,10.28,8.96,16,62,6.74,rod-like
PDB325,325,0.19,-1.26,0.58,0.67,0.17,0.08,0.02,0,0.02,0,0.04,0,504.15,17.23,822.64,8.64,9.13,12,53,6.47,strongly anisotropic
PDB326,326,0.87,-0.22,0.7,0.6,0.3,0.2,0.03,0,0,0.03,0,0,446.03,15.62,738.79,9.45,7.99,10,37,6.13,disk-like
PDB327,327,0.99,0.6,0.77,0.45,0.41,0.23,0.01,0.01,0,0.01,0.01,0.01,703.61,18.61,1597.93,12.97,9.23,22,98,7.19,sphere-like
PDB328,328,0.86,-0.74,0.62,0.62,0.43,0.1,0.02,0.01,0,0.01,0.01,0.01,866.87,23.54,2051.13,11.87,11.57,21,106,7.87,rod-like
PDB329,329,0.14,-1.2,0.55,0.82,0.09,0.18,0,0,0,0,0.02,0.02,465.5,19.14,741.16,9.05,9.22,11,56,6.7,rod-like
PDB330,330,0.2,-0.84,0.5,0.64,0,0.18,0,0,0,0,0.04,0,792.84,21.99,1746.83,10.32,10.32,22,111,7.84,strongly anisotropic
PDB331,331,0.76,-0.58,0.57,0.67,0.29,0.1,0.01,0.01,0,0,0.04,0.01,751.45,20.27,1612.66,10.63,10.35,21,92,7.54,strongly anisotropic
PDB332,332,0.96,0.9,0.71,0.36,0.07,0.36,0,0,0,0,0.05,0,525.58,20.07,827.1,8.1,10.09,14,59,6.95,strongly anisotropic
PDB333,333,0.87,-0.81,0.59,0.59,0.45,0.05,0.01,0,0,0.02,0.01,0,863.92,22.79,1984.34,13.02,11.26,22,99,8.14,rod-like
PDB334,334,0.73,-0.36,0.64,0.56,0.16,0.2,0,0.01,0.01,0,0.02,0.01,1032.23,24.5,2388.78,10.94,12.36,25,133,8.58,disk-like
PDB335,335,0.81,-0.4,0.67,0.62,0.25,0.12,0.02,0.01,0,0.01,0.01,0.01,892.08,21.56,2172.24,14.53,10.96,24,127,7.89,sphere-like
PDB336,336,0.02,-2.46,0.62,0.75,0.25,0,0,0.02,0.02,0.02,0,0.02,425.72,17.21,610.99,7.54,8.63,8,52,5.84,strongly anisotropic
PDB337,337,1,1.38,0.84,0.42,0.29,0.42,0.01,0.01,0,0.01,0.02,0.01,1063.36,24.94,2854.86,14.3,12.51,31,136,8.87,rod-like
PDB338,338,0.9,0.55,0.74,0.36,0,0.36,0,0,0.01,0,0,0,1128.33,27.28,3084.63,13.83,13.08,39,158,8.81,rod-like
PDB339,339,0.76,-0.61,0.7,0.6,0.3,0.1,0.02,0.01,0,0,0.03,0.01,808.47,20.27,1856.3,13.37,10.14,20,105,7.53,sphere-like
PDB340,340,0.74,-0.49,0.65,0.65,0.24,0.18,0.04,0,0,0,0.04,0,739.81,21.79,1424.98,10.33,10.89,17,77,7.34,strongly anisotropic
PDB341,341,0.99,0.8,0.79,0.39,0.18,0.39,0,0.01,0.01,0.01,0,0.01,1478.6,30.66,4449.19,15.17,15.32,38,188,10.47,strongly anisotropic
PDB342,342,0.53,-0.8,0.66,0.75,0.19,0.16,0.02,0.01,0.02,0,0.03,0.01,1022.3,26.35,2671.75,13.46,12.96,32,146,8.64,rod-like
PDB343,343,0.98,0.71,0.83,0.46,0.25,0.38,0.01,0.02,0.01,0,0.01,0.01,862.19,20.81,1958.96,12.74,10.5,24,103,7.9,disk-like
PDB344,344,0.06,-1.58,0.42,0.75,0.08,0.17,0,0,0,0,0.02,0,601.33,18.97,1098.79,9.46,9.52,12,56,7.43,strongly anisotropic
PDB345,345,0.79,-0.35,0.64,0.5,0.21,0.14,0,0.01,0.01,0.01,0.04,0,961.98,22.78,2382.81,12.07,11.42,28,142,8.48,strongly anisotropic
PDB346,346,0.86,0.19,0.71,0.62,0.09,0.18,0.02,0,0,0,0.05,0,991.86,22.87,2616.66,14.93,11.46,34,154,8.25,sphere-like
PDB347,347,0.77,-0.17,0.7,0.5,0.15,0.25,0,0,0.01,0,0,0,679.85,19.23,1465.22,10.92,9.65,20,93,7.15,disk-like
PDB348,348,0.15,-1.59,0.53,0.65,0.24,0.12,0.01,0.01,0.01,0,0,0,652.72,20.85,1251.62,9.63,10.34,17,83,6.94,strongly anisotropic
PDB349,349,0.93,0.29,0.73,0.47,0.2,0.27,0.02,0,0,0,0,0,464.43,15.87,789.77,9.14,7.88,15,59,6.42,strongly anisotropic
PDB350,350,0.99,1.51,0.78,0.44,0.11,0.44,0,0,0,0,0,0,335.58,14.62,426.39,6.42,7.34,9,46,5.93,strongly anisotropic
PDB351,351,0.99,1.64,0.75,0.25,0.12,0.62,0.03,0,0,0,0,0,280.32,15.73,291.82,4.79,7.86,8,34,5.75,strongly anisotropic
PDB352,352,0.89,0.53,0.7,0.3,0,0.36,0,0,0,0,0.01,0,964.03,21.87,2548.08,14.34,10.71,33,135,8.18,sphere-like
PDB353,353,0.98,1.07,0.87,0.3,0.13,0.35,0,0.01,0,0,0.01,0.01,781.09,19.93,1830.23,12.86,9.94,23,100,7.72,rod-like
PDB354,354,0.85,-0.89,0.68,0.79,0.47,0.16,0.04,0,0,0.02,0.01,0,946.3,24.21,2258.27,13.47,11.6,19,113,8.2,rod-like
PDB355,355,0.77,-0.61,0.7,0.6,0.3,0.1,0.02,0.02,0,0,0.03,0.02,838.71,20.58,2000.22,14.2,10.29,20,107,7.58,sphere-like
PDB356,356,0.99,1.35,0.82,0.36,0.11,0.43,0.01,0.01,0.01,0,0.02,0,1010.49,26.19,2469.82,12.06,13.07,28,129,8.81,strongly anisotropic
PDB357,357,0.81,-0.09,0.86,0.57,0.14,0.19,0.01,0,0.02,0.01,0.04,0,797.34,20.91,1738.43,9.78,10.68,21,85,7.73,strongly anisotropic
PDB358,358,0.19,-1.26,0.5,0.69,0.12,0.12,0,0.01,0,0.01,0.01,0.01,639.56,24.56,1097.64,9.06,12.26,16,78,7.97,rod-like
PDB359,359,0.99,0.85,0.8,0.44,0.24,0.36,0.02,0.02,0,0,0.02,0.02,840.35,21.96,2029.12,12.68,10.6,25,108,7.65,sphere-like
PDB360,360,0.79,-0.21,0.76,0.64,0.16,0.12,0.01,0.02,0.01,0,0.02,0.01,913.19,24.92,2137.06,10.92,12.43,25,125,8.4,strongly anisotropic
PDB361,361,0.2,-0.8,0.61,0.56,0,0.17,0,0,0.03,0,0.03,0,600.53,19.65,1141.82,10.48,9.9,18,76,7.19,rod-like
PDB362,362,0.18,-1.13,0.61,0.67,0.11,0.11,0.02,0,0.02,0,0.02,0,534.31,16.48,1029.22,10.42,8.24,18,62,6.54,disk-like
PDB363,363,0.99,1.13,0.81,0.33,0.11,0.44,0.01,0.01,0.01,0,0.01,0.01,1236.28,28.75,3430.63,13.96,14.35,36,170,9.23,strongly anisotropic
PDB364,364,0.98,0.74,0.72,0.44,0.2,0.32,0.03,0,0,0,0.03,0,866.41,22.36,2072.14,11.98,11.24,25,118,8.11,rod-like
PDB365,365,1,1.63,0.91,0.27,0.18,0.36,0,0,0,0,0,0,331.99,12.78,500.52,8.25,6.08,11,47,5.45,rod-like
PDB366,366,0.71,-0.17,0.71,0.48,0.1,0.19,0,0,0.01,0,0,0,790.49,20.56,1814.2,11.74,10.19,21,92,7.65,disk-like
PDB367,367,0.84,0.01,0.66,0.45,0.14,0.24,0,0,0.01,0,0.01,0,846.87,23.4,1977.59,12.16,11.7,29,99,8.27,rod-like
PDB368,368,0.63,-0.42,0.64,0.75,0.11,0.11,0,0.01,0,0,0.03,0.01,989.97,24.19,2427.13,13.51,12.08,28,126,8.35,strongly anisotropic
PDB369,369,0.7,-0.19,0.62,0.5,0.08,0.19,0,0,0.01,0,0.02,0,995.97,24.73,2516.79,13.9,12,26,105,8.18,sphere-like
PDB370,370,1,0.93,0.86,0.43,0.38,0.29,0.01,0,0,0.02,0.01,0,795.62,23.34,1776.06,11.74,11.65,21,128,7.89,rod-like
PDB371,371,0.8,-0.16,0.52,0.52,0.15,0.22,0.02,0,0,0,0.01,0,984.51,24.23,2473.07,12.77,11.38,27,109,8.4,disk-like
PDB372,372,0.84,0.02,0.65,0.55,0.15,0.25,0.01,0,0.01,0,0.01,0,662.01,20.68,1367.97,10.14,10.31,20,78,7.25,rod-like
PDB373,373,0.71,-0.71,0.63,0.5,0.21,0.06,0.02,0,0,0,0.03,0,1893.12,31.13,6964.14,19.5,15.42,52,268,11.95,rod-like
PDB374,374,0.99,1.09,0.8,0.37,0.2,0.43,0,0.01,0.01,0,0.01,0.01,1358.13,28.61,3876.64,14.64,14.25,35,163,10.12,rod-like
PDB375,375,0.4,-0.55,0.59,0.64,0.05,0.23,0.01,0,0.02,0,0,0,682.41,18.25,1488.55,11.98,9.15,22,92,7.31,sphere-like
PDB376,376,0.15,-1.57,0.44,0.78,0.22,0.11,0,0.02,0,0.01,0.01,0.02,720.51,21.27,1400.45,9.56,10.6,18,82,7.6,strongly anisotropic
PDB377,377,0.42,-0.82,0.64,0.61,0.14,0.04,0,0,0,0.01,0.02,0.01,875.96,23.25,2064.96,12.08,10.84,28,130,7.9,rod-like
PDB378,378,1,0.77,0.84,0.42,0.42,0.26,0.02,0.01,0,0.02,0.01,0.01,692,21.97,1465.1,11.09,10.88,19,92,7.04,rod-like
PDB379,379,0.92,0.04,0.71,0.55,0.23,0.16,0.02,0,0,0.01,0.05,0,1051.5,26.22,2679.21,12.72,13.17,31,133,8.67,disk-like
PDB380,380,0.44,-0.82,0.67,0.67,0.17,0.06,0.04,0,0,0,0.06,0,743.47,21.02,1574.44,10.2,10.04,18,80,7.36,strongly anisotropic
PDB381,381,0.92,0.51,0.71,0.38,0.1,0.24,0,0,0.01,0,0.01,0,698.72,18.04,1496.1,11.66,9.11,21,86,7.61,disk-like
PDB382,382,0.84,0.48,0.77,0.54,0,0.23,0,0,0.02,0,0.09,0,462.73,18.85,664.3,6.65,9.47,13,47,6.68,strongly anisotropic
PDB383,383,0.74,-0.41,0.72,0.52,0.2,0.16,0,0,0,0,0.01,0,814.32,20.72,1791.55,13.01,10.37,25,94,7.76,rod-like
PDB384,384,0.68,-0.63,0.67,0.62,0.24,0.14,0.02,0,0.01,0,0,0,806.91,20.96,1802.73,11.52,10.59,21,100,7.73,disk-like
PDB385,385,0.9,0.52,0.73,0.36,0.09,0.27,0.02,0,0,0,0.02,0,381.49,13.83,585.14,9.53,6.98,11,53,5.61,disk-like
PDB386,386,1,3.49,0.98,0.04,0.02,0.94,0.01,0,0,0,0,0,1438.87,45.02,3428.16,10.69,22.51,49,137,12.69,rod-like
PDB387,387,0.92,0.4,0.64,0.5,0.14,0.29,0,0,0,0,0.02,0,611.48,22.72,906.51,6.4,11.31,14,63,7.19,strongly anisotropic
PDB388,388,0.37,-0.45,0.46,0.69,0,0.08,0,0,0,0,0,0,568.53,18.39,1048.09,11.21,8.39,13,51,7.01,sphere-like
PDB389,389,0.64,-0.16,0.68,0.48,0.04,0.12,0,0,0.01,0,0.01,0,839.23,21.46,1965.26,12.97,10.72,25,109,7.86,rod-like
PDB390,390,0.76,-0.31,0.67,0.6,0.2,0.2,0.02,0,0,0,0.04,0,582.65,16.4,1121.14,11.52,8,15,55,6.81,sphere-like
PDB391,391,0.13,-1.26,0.44,0.78,0.11,0.22,0,0,0.02,0.02,0.04,0,348.37,15.88,476.49,8.03,7.85,9,47,5.71,strongly anisotropic
PDB392,392,0.66,-0.31,0.69,0.44,0.12,0.25,0.01,0.01,0.01,0,0,0.01,657.22,19.63,1221.1,8.54,9.92,16,74,7.36,disk-like
PDB393,393,0.58,-0.23,0.64,0.5,0.05,0.18,0,0,0.01,0,0.02,0.01,639.26,18.14,1328.18,10.67,8.97,22,84,7.19,rod-like
PDB394,394,0.45,-1.38,0.54,0.77,0.38,0,0.04,0,0.01,0,0.01,0,646.77,18.44,1190.11,9.95,9.76,13,85,6.93,disk-like
PDB395,395,0.97,1.18,0.75,0.29,0,0.42,0,0,0.01,0,0,0,845.61,23.2,1920.47,12.32,11.54,24,105,7.82,rod-like
PDB396,396,0.12,-0.99,0.56,0.56,0,0.22,0,0,0,0,0,0,359.44,18.31,447.41,6.71,9.15,9,38,6.28,strongly anisotropic
PDB397,397,0.94,0.47,0.68,0.37,0.11,0.29,0.01,0,0.01,0,0.02,0,1151.72,27.45,3056.4,12.72,13.72,38,161,9,rod-like
PDB398,398,0.99,0.82,0.78,0.49,0.3,0.32,0.02,0.01,0,0.01,0.02,0.01,1172.6,28.99,3213.59,13.8,14.46,37,161,9.43,rod-like
PDB399,399,0.95,0.41,0.73,0.4,0.17,0.27,0,0.02,0.01,0,0.02,0.01,969.46,24.55,2357.4,11.97,12.27,30,122,8.79,rod-like
PDB400,400,0.75,-0.57,0.65,0.69,0.27,0.12,0.02,0.01,0,0.02,0.01,0.01,839.77,22.51,1967.59,11.71,11.11,26,117,7.8,rod-like
